Country Name,2000,2001,2002,2003,2004,2005,2006,2007,2008,2009,2010,2011,2012,2013,2014,2015,2016,2017,2018,2019,2020,2021
Aruba,2.06484056,2.20516342,2.235514952,2.108323583,1.765472909,1.291950435,0.798578361,0.391971045,0.134262662,0.088751275,0.209731414,0.377979489,0.503385468,0.58329043,0.590508189,0.541048337,0.502859514,0.471874003,0.459265888,0.437414676,0.428016948,0.401008198
Africa Eastern and Southern,2.612275506,2.614605363,2.619585878,2.629364121,2.64581128,2.666015223,2.685749124,2.703187833,2.7200228,2.734577761,2.74740956,2.756619249,2.763425798,2.761495568,2.750400213,2.73259764,2.712217978,2.690901728,2.665619539,2.636666337,2.605427487,2.572460743
Afghanistan,2.975057223,3.902804964,4.496718747,4.668343795,4.321559517,3.682699881,2.990523836,2.493830391,2.268273041,2.396978302,2.746614638,3.143105557,3.407600033,3.494591927,3.355602331,3.077053629,2.778034788,2.54783304,2.384309079,2.313073349,2.303812093,2.303412133
Africa Western and Central,2.70753222,2.701705488,2.699588557,2.706139259,2.723453484,2.746731093,2.770643398,2.788722003,2.798112308,2.796558411,2.787372535,2.775170989,2.763802508,2.753564154,2.745542205,2.738331566,2.730331791,2.719329942,2.704168038,2.684151739,2.660901631,2.636290838
Angola,3.277215347,3.301173785,3.329262382,3.378794366,3.452987549,3.537604763,3.619584119,3.680601168,3.710554891,3.703841815,3.671493333,3.634150215,3.597754539,3.551997427,3.497447411,3.438869368,3.378269432,3.322158363,3.276144588,3.242914028,3.218530352,3.195915508
Albania,-0.637356834,-0.938470428,-0.299876697,-0.374149169,-0.417931378,-0.511790116,-0.630911245,-0.755718755,-0.767342959,-0.673894046,-0.496461963,-0.269017332,-0.16515104,-0.183211385,-0.207047,-0.291205787,-0.159880412,-0.091972294,-0.246732042,-0.426007367,-0.574206959,-0.926918062
Andorra,1.575272637,2.944447046,3.936690931,4.374143825,4.10952559,3.379619093,2.657381795,2.06144998,1.414681757,0.714114762,-0.008288192,-0.839471761,-1.589923668,-2.030744369,-1.946518269,-1.552134769,-0.898980862,-0.386281039,0.014285251,0.179041785,0.154134127,0.115121699
Arab World,2.152845616,2.156238121,2.161010461,2.18847253,2.241337147,2.3071735,2.377079851,2.430739902,2.453954266,2.43302065,2.38321483,2.329382834,2.280225773,2.223478201,2.160504112,2.095506434,2.023741985,1.955221378,1.919966442,1.909788261,1.918912231,1.934746128
United Arab Emirates,5.510750099,5.241545482,5.193151862,6.487373081,9.174108048,12.01992783,14.42466877,15.17725135,13.91010551,11.04459859,7.687222167,4.536241844,2.15417386,0.614086082,0.176775198,0.527292388,1.053270899,1.339470237,1.503937821,1.438677058,1.219428682,1.012840548
Argentina,1.100608135,1.092033612,1.08355691,1.072004712,1.055389439,1.036268365,1.015454578,0.998884153,0.992570476,0.999542289,0.752217993,1.15305928,1.136905694,1.1191092,1.099461091,1.078001344,1.057181578,1.037133897,1.015808349,0.993397493,0.970053991,0.947490959
Armenia,-0.630760588,-0.617979926,-0.549251282,-0.530015382,-0.572322312,-0.65038928,-0.773158375,-0.872060059,-0.856135895,-0.673638853,-0.37395489,-0.027042763,0.267429455,0.461930535,0.509812126,0.450705992,0.361260408,0.293899006,0.235799808,0.202624028,0.185983345,0.165021157
American Samoa,1.335500631,1.169282185,0.988330194,0.705059764,0.317170237,-0.213014061,-0.755064009,-1.263253545,-1.513964199,-1.427782324,-1.048262953,-0.588347444,-0.154365338,0.086186779,0.132725923,0.026882443,-0.120130903,-0.219117154,-0.280883888,-0.269018786,-0.20812792,-0.170444284
Antigua and Barbuda,1.769346866,1.572944406,1.396717452,1.285477288,1.297792207,1.378189901,1.526431021,1.57610133,1.611386336,1.567388321,1.472794154,1.376375519,1.288027737,1.21265579,1.143043433,1.084181616,1.00909459,0.952914631,0.894078681,0.861445784,0.833667149,0.813607938
Australia,1.192272323,1.348358342,1.220563785,1.233996663,1.159352162,1.319789554,1.475227945,0.624678435,2.00402174,2.06104513,1.555489589,1.389527316,1.745820001,1.72115144,1.491566489,1.439216653,1.561940498,1.684523108,1.536105516,1.521653677,1.282933137,0.178832418
Austria,0.240466652,0.382799394,0.491980464,0.487133895,0.620413127,0.681267248,0.494797775,0.324146535,0.313041438,0.26195319,0.2403943,0.337080842,0.455937472,0.589387255,0.781541633,1.120992502,1.081396299,0.694621104,0.487071925,0.444673639,0.415176732,0.441053528
Azerbaijan,0.821519964,0.774765939,0.746173583,0.757650956,0.87542728,1.022265592,1.098586574,1.133855466,2.099854033,2.076148264,1.189787708,1.303000855,1.328763827,1.293447027,1.248208997,1.191209858,1.11785721,0.981261805,0.866316916,0.846646726,0.684365325,0.514776736
Burundi,1.767228872,2.273350542,2.699733659,3.012624772,3.169974038,3.217168102,3.246097539,3.288916349,3.301182346,3.287161878,3.256196461,3.207713007,3.159785095,3.133498082,3.136756792,3.156907954,3.177014855,3.181200079,3.166911697,3.128932148,3.07610176,3.020562849
Belgium,0.242517956,0.343951158,0.448268895,0.418641508,0.432788248,0.550055708,0.659558215,0.734330831,0.789976845,0.804599573,0.913639392,1.301002902,0.620163579,0.471340144,0.443929288,0.579446242,0.506300002,0.385228018,0.455184695,0.540461327,0.479838283,0.377319901
Benin,2.983861929,3.023782383,3.043235856,3.039605885,3.005315906,2.952371363,2.897521298,2.854098759,2.823522041,2.809426641,2.805976233,2.803761755,2.797721181,2.790716434,2.78209237,2.771837886,2.761360928,2.749902222,2.734856203,2.71521855,2.692373813,2.668262351
Burkina Faso,2.842006974,2.858807814,2.875951284,2.898479666,2.927591386,2.959171309,2.989003742,3.01189362,3.024898725,3.02644987,3.019212844,3.009045176,2.997403812,2.981663984,2.961875333,2.939350568,2.915213081,2.890750882,2.866979114,2.844596498,2.823230736,2.801191398
Bangladesh,1.952390462,1.886286259,1.820058047,1.731269203,1.615199537,1.484746964,1.347121031,1.226630505,1.145647438,1.116806435,1.124806897,1.143828671,1.154006105,1.155950914,1.142930216,1.119091033,1.095288404,1.075535249,1.0535703,1.029196649,1.002774181,0.975322375
Bulgaria,-0.493896417,-1.990632204,-2.17069878,-0.792113638,-0.754796951,-0.752977445,-0.759505916,-0.735282284,-0.701922745,-0.644281363,-0.658275447,-0.641228921,-0.579220596,-0.559647217,-0.568389264,-0.638069468,-0.701382098,-0.730443175,-0.722080405,-0.703905641,-0.600241518,-0.504441855
Bahrain,4.315314275,4.837379326,5.248676155,5.75751788,6.360400534,6.903368144,7.501540256,7.775983565,7.324218649,6.127009516,4.600184745,2.960815592,1.690358099,1.153907053,1.587599572,2.642766637,3.856576946,4.678047471,4.921024296,4.468687834,3.615324808,2.708203304
"Bahamas, The",1.345045172,1.522680224,1.6514242,1.761055854,1.825953873,1.85017573,1.885766682,1.901559199,1.848035245,1.70786519,1.514784775,1.30075352,1.105707898,0.980106184,0.93876022,0.959964409,0.990005733,1.007285341,1.012800167,0.99365949,0.961253495,0.927917643
Bosnia and Herzegovina,0.208765697,0.115576918,0.103128419,0.074186662,0.053545049,0.030227667,0.002390199,-0.069897069,-0.226950769,-0.489066296,-0.818853336,-1.20286774,-1.546958415,-1.745364744,-1.722307312,-1.526304511,-1.264728458,-1.030880199,-0.827063452,-0.692266996,-0.613297985,-0.530419133
Belarus,-0.471131335,-0.512966688,-0.636565666,-0.699809191,-0.682169472,-0.68300556,-0.612296198,-0.458847536,-0.345415054,-0.245915441,-0.218522756,-0.234282914,-0.1566176,-0.03838,0.056151568,0.132853237,0.087721088,-0.109782323,-0.213824207,-0.201786601,-0.42347525,-0.423477521
Belize,3.426692846,3.088756585,2.829033688,2.648068009,2.596749223,2.599403201,2.622138768,2.606314178,2.572052793,2.520902564,2.45178027,2.381294716,2.324130368,2.254274143,2.19127515,2.116860418,2.049363877,1.982397008,1.922979057,1.882598378,1.845295592,1.817787825
Bermuda,0.890208774,1.079335217,0.650636983,0.654327136,0.65321131,0.647413399,0.573530641,0.564095738,0.591576775,0.55458514,-0.783118104,-0.863616496,0.361775877,0.312791571,0.210544188,0.151869636,-1.05247098,-1.060534596,0.070427498,-0.010952131,-0.028168133,-0.040701316
Bolivia,1.933502534,1.905800736,1.877066952,1.847197475,1.816186054,1.784145707,1.751710988,1.719890149,1.691117977,1.666170773,1.643581068,1.622359801,1.600043615,1.574579287,1.544977169,1.512942433,1.480195967,1.449144413,1.421890804,1.399133355,1.379527583,1.360586275
Brazil,1.424167442,1.366955955,1.31274755,1.257379967,1.201294141,1.145884772,1.090192573,1.037864683,0.994310572,0.961946715,0.937959307,0.915965178,0.893525507,0.873605696,0.855795964,0.838838953,0.823752153,0.807145245,0.78384426,0.751550842,0.712872791,0.672384396
Barbados,0.389692835,0.361394131,0.340345106,0.331535993,0.346425292,0.375995497,0.417122464,0.440868353,0.445720486,0.413865235,0.363612231,0.302945811,0.25093319,0.209862188,0.186604262,0.176093438,0.164937661,0.150692216,0.143488326,0.132831082,0.121868008,0.117201302
Brunei Darussalam,2.108725655,2.041357095,1.962748684,1.862147993,1.722717,1.567358384,1.400670733,1.262715894,1.180047761,1.174881198,1.2250715,1.291815066,1.339772073,1.348520767,1.31764439,1.24557202,1.168569854,1.111027783,1.049642828,1.005742274,0.961675068,0.92126497
Bhutan,2.24630884,2.11432578,2.030458354,1.899780981,1.732014822,1.543268072,1.32605599,1.129729919,1.008325889,0.995311712,1.051899559,1.130706223,1.187930628,1.22581161,1.233916731,1.220800019,1.20458294,1.195073959,1.17777914,1.146379252,1.110061141,1.068387333
Botswana,2.033083991,1.889202292,1.773366537,1.730185201,1.779859095,1.882112781,2.026706047,2.131208018,2.119678612,1.957039362,1.70592329,1.414135504,1.190902166,1.12138806,1.255951583,1.525068549,1.831973136,2.068847655,2.197416468,2.178168817,2.058875027,1.921149705
Central African Republic,2.289540499,2.216612267,2.129571603,2.057934638,2.007396,1.962914208,1.954219971,1.922335307,1.779310088,1.49242271,1.126555117,0.723967673,0.401398611,0.259647553,0.364133903,0.647515777,0.985784079,1.277483497,1.519117467,1.674661628,1.766844992,1.850828304
Canada,0.931281553,1.086350966,1.087447927,0.901372739,0.933020777,0.944466927,1.010334503,0.971135141,1.082907116,1.141758099,1.111864075,0.978697787,1.085817263,1.056591259,1.005337579,0.746339478,1.132348655,1.199520711,1.412455869,1.436136823,1.152797077,0.547707006
Central Europe and the Baltics,-0.562187469,-0.726416604,-0.650464177,-0.313747926,-0.274282096,-0.272548033,-0.254078786,-0.372245216,-0.357629035,-0.191813703,-0.3616663,-0.236933127,-0.229154984,-0.21320183,-0.209757193,-0.230243283,-0.255290913,-0.246809828,-0.196249608,-0.136492212,-0.220846021,-0.492044076
Switzerland,0.561954617,0.632771238,0.756469146,0.741919603,0.68742596,0.64060154,0.627558473,0.893690978,1.270618074,1.249484631,1.041558058,1.111878943,1.061819329,1.149879758,1.220103973,1.138337152,1.092031174,0.933155889,0.736633975,0.713313668,0.712082559,0.705679609
Channel Islands,0.598666617,0.44230014,0.330780246,0.319694861,0.433522847,0.629640038,0.869790466,1.069431567,1.1553241,1.10989354,0.963188271,0.793249105,0.656884925,0.607833549,0.652921811,0.776952806,0.923845528,1.03937906,1.0791408,1.031634777,0.921644208,0.793466264
Chile,1.177185279,1.126198944,1.078844874,1.047993832,1.037667973,1.041953902,1.055994313,1.068555462,1.07138372,1.059286412,1.0389117,0.99751484,0.96308,0.978805917,1.061178671,1.177717857,1.325206878,1.425141421,1.391064233,1.182932566,0.862530028,0.501731211
China,0.787956593,0.726380638,0.669999568,0.622860936,0.593932815,0.58812499,0.558374367,0.522271866,0.512386932,0.497381401,0.482959689,0.546457595,0.678345459,0.666072978,0.63032639,0.581456147,0.573050906,0.605245013,0.467672053,0.35474089,0.23804087,0.0892522
Cote d'Ivoire,2.598625449,2.392156481,2.221108292,2.113554566,2.085422187,2.114434928,2.158031376,2.19559629,2.240184654,2.287165167,2.334536146,2.38552681,2.435943204,2.47667885,2.50449559,2.522164778,2.536128605,2.54778157,2.552322341,2.549387092,2.540584565,2.528040056
Cameroon,2.62105318,2.639646481,2.655722959,2.673768445,2.692179205,2.709791489,2.727136447,2.741994312,2.750833439,2.752285804,2.747733751,2.74047938,2.731249489,2.71824869,2.701524614,2.681848111,2.660502066,2.637754334,2.612284161,2.584178982,2.554309999,2.523460701
"Congo, Dem. Rep.",2.550440473,2.769241291,2.93639206,3.068266631,3.145471276,3.184226692,3.218827805,3.261373538,3.293966996,3.316893457,3.331133308,3.337675974,3.33757067,3.33135585,3.319678158,3.302819182,3.282934175,3.258505772,3.226698861,3.187086265,3.142651608,3.096423526
"Congo, Rep.",2.886679062,2.85299122,2.832348241,2.874541163,2.994217219,3.149094483,3.321949373,3.437562679,3.432656825,3.283729022,3.048956839,2.794272642,2.590925272,2.465044708,2.440535492,2.483756987,2.53956659,2.570670576,2.581720867,2.562826461,2.525009828,2.486457312
Colombia,1.603751902,1.567244404,1.526954184,1.477721528,1.417166465,1.34976822,1.288727946,1.234478054,1.176159467,1.11249247,1.050649962,0.968365031,0.900335047,0.906920982,1.01048975,1.170445199,1.367649952,1.513747435,1.524235944,1.356788043,1.073767493,0.749806313
Comoros,2.521578956,2.46531275,2.414423625,2.382880751,2.374982758,2.381705078,2.391289759,2.397021514,2.402700637,2.408874832,2.413270377,2.418267863,2.417131148,2.408508535,2.382548316,2.348455985,2.309273696,2.27324455,2.239416344,2.206465058,2.174355026,2.145753868
Cabo Verde,1.819916037,1.74172313,1.651195647,1.561271746,1.476844294,1.395114037,1.316682202,1.248853918,1.20912058,1.203305844,1.22066927,1.253468245,1.271405705,1.27811404,1.269123534,1.239498293,1.212273815,1.190125956,1.158842966,1.128657862,1.094480346,1.057896651
Costa Rica,1.960893366,1.793470472,1.643504304,1.527705234,1.456730439,1.418198153,1.388448227,1.353270526,1.319339294,1.282673085,1.244933979,1.20983529,1.178352346,1.147570301,1.117264454,1.087098543,1.057366054,1.02787999,0.99480206,0.957865009,0.918059925,0.878306567
Caribbean small states,0.696069745,0.700254825,0.699318824,0.696672776,0.691687437,0.681978532,0.674289082,0.666929675,0.667003834,0.675580497,0.689442962,0.705186275,0.715898215,0.716493417,0.7037173,0.679645743,0.653374589,0.626889345,0.601138271,0.576986135,0.552626,0.528600669
Cuba,0.375938668,0.343213563,0.312891224,0.26324148,0.188473546,0.099653726,-0.003063559,-0.089941717,-0.125773248,-0.09138305,-0.00782094,0.096498599,0.181748047,0.227242233,0.214142579,0.157902542,0.09118317,0.036578757,-0.009780662,-0.041126289,-0.060617563,-0.080533074
Curacao,-4.075386132,-3.661779858,0.12236112,2.062102467,1.725029528,2.550073807,2.568114257,1.974862198,1.258225307,0.651152062,1.265514155,1.420897663,0.829929595,1.133678907,1.347641396,1.319593903,1.060316441,0.319536038,-0.525178744,-1.196439518,-1.596766195,-1.677791247
Cayman Islands,4.550635247,3.778322542,3.165551443,2.777140779,2.697919736,2.803806556,2.936504625,3.011614957,2.930992451,2.722877001,2.412767832,2.103980744,1.85900595,1.631714308,1.515167957,1.424527838,1.356580324,1.298987665,1.238706903,1.201997124,1.181634344,1.176857885
Cyprus,1.844449526,1.784701613,1.723523777,1.68425675,1.681500238,1.692526469,1.722143793,1.725802547,1.665092291,1.51595562,1.31435018,1.09232382,0.903504248,0.774057448,0.734358832,0.751316386,0.789476882,0.808217946,0.808549298,0.779957016,0.730446921,0.67909243
Czechia,-0.280414108,-0.375719704,-0.192901618,-0.028620591,0.030434848,0.13832598,0.270795629,0.583542205,0.829412603,0.569729451,0.291361674,0.206747667,0.139925656,0.033169946,0.105277582,0.196588748,0.192048416,0.265642664,0.334427262,0.393788864,0.243222682,0.052221118
Germany,0.1354316,0.168225361,0.168128319,0.055363304,-0.021709728,-0.056778262,-0.112797498,-0.133718573,-0.190142845,-0.25338341,-0.153198447,-1.853714629,0.187727801,0.272900215,0.416877359,0.865702644,0.807218539,0.37372456,0.300526702,0.225519874,0.081693159,-0.03798902
Djibouti,2.483849608,2.129136347,1.882260972,1.684908828,1.562166459,1.498439134,1.433157458,1.362762573,1.344808243,1.393908035,1.48370781,1.591305611,1.680251075,1.731198085,1.729669839,1.687131961,1.640628949,1.599741998,1.557868695,1.514559503,1.472834732,1.426514707
Dominica,-0.255237524,0.030146209,0.242274921,0.374441277,0.405726272,0.273823123,0.195331914,0.111648953,0.045189443,0.026821573,0.040924326,0.049369134,0.059210806,0.091566713,0.101329964,0.118088665,0.185286616,0.214335328,0.232028395,0.253775392,0.254522074,0.251104784
Denmark,0.334233619,0.358315679,0.319487125,0.272010444,0.258432282,0.275481733,0.328645159,0.443466054,0.58754759,0.535079062,0.444197155,0.411737855,0.376272243,0.416901361,0.507053283,0.70642385,0.780392644,0.643350904,0.495838926,0.358130916,0.291641177,0.433414489
Dominican Republic,1.522860326,1.491329647,1.459020513,1.426378945,1.392770501,1.359250653,1.325847964,1.295179203,1.268553611,1.246752721,1.228553258,1.210799761,1.192236521,1.174338199,1.157224998,1.1394833,1.122509799,1.10348624,1.078862009,1.046620579,1.009391083,0.970669524
Algeria,1.35841747,1.309829687,1.275071861,1.275917694,1.317809403,1.389919045,1.471149912,1.551379427,1.636169438,1.722107572,1.805004747,1.883308586,1.951463675,2.002703605,2.033587155,2.045372088,2.051352373,2.044909313,2.007398663,1.933983344,1.836533504,1.730806566
East Asia & Pacific (excluding high income),0.990551531,0.934087554,0.882754717,0.839378944,0.810455048,0.799166918,0.771160479,0.73963147,0.729644887,0.720286367,0.713952785,0.762252457,0.855373835,0.845605458,0.81430594,0.770191502,0.752490431,0.763178898,0.659751381,0.574883976,0.488962027,0.382062241
Early-demographic dividend,1.821896667,1.771612476,1.726066504,1.687406334,1.658772725,1.636450757,1.616736569,1.596750653,1.574192363,1.547955766,1.522820621,1.496147992,1.454323558,1.42726347,1.402708018,1.379077535,1.354285459,1.328698832,1.307598877,1.289165767,1.270785217,1.253361045
East Asia & Pacific,0.936083645,0.892341485,0.836146589,0.788042658,0.755197431,0.741599094,0.731871575,0.700661339,0.70930381,0.686239983,0.676314793,0.711097483,0.797946808,0.7852377,0.760505773,0.722074344,0.707112182,0.711239442,0.618076201,0.540630062,0.441904492,0.300873335
Europe & Central Asia (excluding high income),0.032266341,0.010880567,0.020103455,0.087131042,0.132019991,0.148597301,0.185135493,0.273503374,0.409220801,0.486802823,0.57476804,0.615565957,0.615022957,0.672966353,0.667702436,0.680088325,0.660634967,0.616357387,0.543599573,0.498230144,0.378053468,0.232701752
Europe & Central Asia,0.111378331,0.124226191,0.181838951,0.26403041,0.299543041,0.304972819,0.309958351,0.359731227,0.4141013,0.401539817,0.390690539,0.2514111,0.406589392,0.477391921,0.483880292,0.476733283,0.463313675,0.41035713,0.374230581,0.302446958,0.235491537,0.084256034
Ecuador,1.902790305,1.824859047,1.75615767,1.706463013,1.681500928,1.67349164,1.675048483,1.672881165,1.65919151,1.628632124,1.589409453,1.538757895,1.49891549,1.496899243,1.54370952,1.617938422,1.706874588,1.768502796,1.765652695,1.679172693,1.538741142,1.381408991
"Egypt, Arab Rep.",1.930382623,1.901137787,1.881449991,1.85861819,1.831326977,1.805716775,1.771855275,1.751693087,1.778691301,1.864456434,1.98480508,2.113775596,2.214740995,2.26795426,2.259251359,2.207025339,2.145222268,2.090832668,2.033272399,1.976280224,1.920247637,1.862582116
Euro area,0.328452396,0.38501197,0.489063834,0.543190485,0.55128365,0.518155206,0.468263418,0.520477005,0.489880265,0.324932135,0.23574335,-0.217707206,0.220482905,0.339991291,0.343941814,0.303179468,0.292608835,0.216013924,0.223297039,0.088947815,0.124166424,-0.041380374
Eritrea,2.428513381,3.527498231,4.380552826,4.719973616,4.467643594,3.853166896,3.187674572,2.64882178,2.186536353,1.84837072,1.606207281,1.363718869,,,,,,,,,,
Spain,0.447137015,0.694068084,1.412595405,1.808454468,1.725466303,1.689349047,1.690352556,1.851081308,1.595330499,0.885735981,0.460408305,0.355338396,0.064925963,-0.32766904,-0.298951059,-0.077588862,0.08443015,0.234587923,0.437982994,0.717715637,0.4837813,-0.077583611
Estonia,0.483707162,-0.636963124,-0.633433796,-0.627622448,-0.59782051,-0.572255525,-0.58965556,-0.456188535,-0.26813372,-0.192768077,-0.228057969,-0.303582824,-0.357944411,-0.355891803,-0.262256175,0.06555253,0.029112226,0.121070631,0.348039138,0.368313696,0.197565581,-0.016925355
Ethiopia,2.88268787,2.879425139,2.867363938,2.850945567,2.826396381,2.798323914,2.768139897,2.745949471,2.741029927,2.756861848,2.783756927,2.812613737,2.829627968,2.827014885,2.799924688,2.756111616,2.708072653,2.663414482,2.619969171,2.579697088,2.541386464,2.50197331
European Union,0.119663589,0.132068064,0.229432201,0.356010506,0.375636483,0.35519863,0.325104381,0.336466494,0.321180958,0.236686113,0.139394236,-0.177886373,0.147238215,0.243212932,0.25023331,0.21802003,0.212345574,0.156820032,0.163332879,0.063255413,0.062988233,-0.119062663
Fragile and conflict affected situations,2.198957402,2.277195837,2.336353292,2.376908424,2.381453839,2.364437191,2.346379694,2.334605792,2.32911143,2.335135028,2.343246354,2.356255887,2.367106871,2.352358702,2.297473489,2.255917107,2.193939138,2.146906493,2.13472069,2.165246876,2.227013612,2.291484485
Finland,0.207606515,0.227687342,0.24238105,0.23845724,0.290350362,0.342248594,0.383777136,0.425429832,0.465549285,0.478246393,0.457494535,0.463558707,0.475809487,0.460723773,0.413560208,0.329383886,0.287421402,0.234670532,0.132641041,0.11019169,0.143641197,0.219541912
Fiji,0.582325537,0.358414941,0.163763402,0.100653768,0.218612498,0.45648978,0.75939679,0.999495116,1.090795994,0.974703301,0.721353945,0.421873731,0.186749844,0.062057001,0.097572305,0.251861864,0.433535157,0.577645837,0.684860282,0.729092657,0.72649263,0.717487182
France,0.684945784,0.727789664,0.727226638,0.708771178,0.736332749,0.753799177,0.697191228,0.618708359,0.558843467,0.514489544,0.494040603,0.483675544,0.483998961,0.514773829,0.473706908,0.35556924,0.263868789,0.290202116,0.274451849,0.218824149,0.194582449,0.177099191
Faroe Islands,0.665481279,0.556878659,0.500881833,0.430953199,0.338808603,0.274832074,0.129810328,0.066933007,-0.006273067,-0.016730102,-0.023008461,0.025099877,0.05854189,0.121156432,0.133519724,0.187461001,0.245250985,0.317101997,0.353222226,0.370469891,0.385475452,0.383995243
"Micronesia, Fed. Sts.",-0.338331162,-0.21903772,-0.133521965,-0.116861215,-0.260389983,-0.459675841,-0.719594234,-0.888403296,-0.858696277,-0.559753544,-0.053427367,0.515594947,1.017541503,1.345848816,1.426680742,1.333168176,1.213154024,1.124175032,1.052213848,1.034228542,1.057554256,1.067133391
Gabon,2.414288376,2.385038528,2.380176439,2.425954472,2.531576244,2.679276322,2.807578617,2.923063968,3.07422517,3.264264158,3.459146772,3.656322234,3.788583795,3.779411424,3.606623054,3.335251073,3.043638018,2.795874594,2.603486796,2.484043179,2.416957226,2.357766143
United Kingdom,0.357300887,0.38497597,0.42333708,0.465641114,0.568943113,0.686611306,0.735048678,0.778666112,0.787032622,0.75639086,0.783888647,0.781506562,0.695353132,0.669740536,0.736463979,0.792367506,0.757874493,0.679374474,0.605929132,0.564131113,0.365409432,0.365409887
Georgia,-1.944629157,-1.551238397,-0.897253673,-0.675365806,-0.61926241,-0.635292218,-0.568484712,-0.521646734,-0.303790529,-0.888185043,-0.729475257,-0.80216404,-0.736565519,-0.300972141,0.0469539,0.157481405,0.059816599,0.013386075,-0.039036546,-0.17156574,0.068656249,-0.379636607
Ghana,2.449406107,2.449562516,2.447154931,2.458527537,2.484598321,2.517459761,2.55438954,2.579985464,2.578757332,2.543821515,2.487008974,2.424401783,2.369482728,2.323828607,2.291813837,2.268777982,2.24660996,2.220504882,2.192852874,2.162584462,2.130763473,2.099216433
Gibraltar,1.801792052,1.668699485,1.547887296,1.419911564,1.142241292,0.882821068,0.59422161,0.310707707,0.137121076,-0.023833641,0.068506414,0.068459515,0.13380713,0.12175748,0.094927328,0.047429894,-0.011855365,-0.044470139,-0.023725496,-0.026697913,-0.044512368,0
Guinea,2.28281802,2.11736734,1.987872548,1.926564275,1.95304244,2.03891509,2.148488305,2.23894088,2.29160483,2.290827005,2.259381611,2.215150305,2.197958682,2.235327632,2.342254124,2.489834844,2.644357731,2.764879904,2.833117512,2.834784817,2.791607079,2.737268932
"Gambia, The",3.128788688,3.164230528,3.197644099,3.199922096,3.163325465,3.106619692,3.043049767,2.99605548,2.97048034,2.973715757,2.995687968,3.017963446,3.031169712,3.03420155,3.025950918,3.008720834,2.988373007,2.969069585,2.946012688,2.921862866,2.895365506,2.866375603
Guinea-Bissau,2.032664485,2.124927075,2.204268152,2.273212939,2.325669198,2.36534711,2.398707778,2.435506078,2.476336805,2.523901771,2.573413527,2.618312205,2.650742625,2.660766083,2.644755928,2.611151253,2.570119483,2.532249258,2.493505196,2.456528568,2.421410618,2.384555965
Equatorial Guinea,4.111038555,4.117746929,4.143998224,4.205940428,4.315088089,4.443763255,4.559658305,4.631940298,4.654916813,4.625126705,4.558597536,4.478446124,4.394052518,4.291884317,4.172280493,4.042896478,3.91079791,3.781106635,3.653340932,3.528840253,3.407619459,3.288627151
Greece,0.409041838,0.519884464,0.366566462,0.238643175,0.247413543,0.293249074,0.300331801,0.254757582,0.265457837,0.263026401,0.128880433,-0.147951277,-0.540752951,-0.725120807,-0.66611329,-0.658861361,-0.415913028,-0.197783225,-0.202880238,-0.105339393,-0.196301665,-0.336885796
Grenada,0.397533481,0.393053656,0.380901281,0.353498507,0.329255537,0.298559101,0.26718083,0.233199072,0.260159661,0.312435164,0.415067525,0.524851801,0.621740443,0.667831666,0.670747705,0.643471646,0.600367481,0.552600022,0.517266573,0.494964112,0.460536799,0.439845699
Greenland,0.178094437,0.266548359,0.458574268,0.275195545,0.256870545,0.04216222,-0.283179181,-0.386485847,-0.402186877,-0.008876974,1.028023326,-0.026363197,-0.140721219,-0.577265865,-0.333398667,-0.322038549,0.128227978,-0.026700606,-0.263828878,0.359917714,0.252238303,0.506106194
Guatemala,2.433943645,2.4024009,2.297882417,2.180745246,2.125985971,2.077170631,2.026228097,1.975962167,1.927447638,1.881063438,1.836556428,1.819487756,1.777495787,1.757167698,1.728757603,1.691465093,1.658073318,1.6276538,1.600385982,1.560386048,1.519987854,1.480316806
Guam,0.884646772,0.687803865,0.496225123,0.349322036,0.234946295,0.197156462,0.153285738,0.125355532,0.118910941,0.122537869,0.12991457,0.157303192,0.187687743,0.265289399,0.368363503,0.522831661,0.675497259,0.814724473,0.90229092,0.915743568,0.885514508,0.826633848
Guyana,-0.395350937,-0.202691359,-0.055973344,0.047384746,0.079818688,0.05617025,0.023986744,0.019024499,0.045269111,0.120840438,0.228701604,0.346196945,0.445663749,0.514040833,0.537221878,0.530702759,0.510790065,0.498520024,0.487575159,0.482526666,0.48224372,0.478157889
High income,0.608235673,0.612388674,0.621919517,0.631407434,0.665981475,0.678713034,0.73527484,0.753396866,0.795699005,0.717322301,0.642976577,0.459437024,0.574439618,0.577715113,0.589986802,0.57027971,0.570652896,0.504437981,0.465442832,0.40602377,0.474112127,0.05559431
"Hong Kong SAR, China",0.881594076,0.736962668,0.442846827,-0.197404126,0.779918562,0.436871406,0.642270483,0.859633272,0.598238787,0.215353334,0.734446396,0.672543292,1.103957997,0.401982536,0.702370951,0.851197911,0.619366345,0.768513878,0.800230597,0.739283471,-0.358932662,-0.911776749
Honduras,2.734903508,2.662567346,2.592831157,2.523091551,2.455146072,2.388253195,2.323165271,2.256484876,2.184263323,2.105554971,2.024413317,1.943169475,1.869321608,1.810130794,1.76927099,1.741474102,1.71775975,1.692271482,1.667082227,1.640617842,1.613135933,1.586463131
Heavily indebted poor countries (HIPC),2.792393728,2.847660306,2.886120868,2.902668604,2.890066332,2.859462451,2.824723005,2.800288797,2.789975129,2.79807998,2.817205648,2.835874686,2.846539587,2.850538979,2.845845203,2.834126582,2.821037126,2.805986405,2.783317707,2.752194025,2.715704282,2.676717465
Croatia,-0.986434859,-3.847670727,0.058871291,0.028469923,0.027904279,0.128732789,0.023523124,-0.02185266,-0.011879458,-0.105027517,-0.226821271,-0.345264228,-0.305655945,-0.278509063,-0.407343185,-0.824099164,-0.698383457,-1.200610165,-0.893486928,-0.554146739,-0.433210221,-3.742376748
Haiti,1.724801191,1.698761586,1.674154768,1.653576631,1.637886328,1.624901291,1.612703899,1.598240401,1.580168107,1.558056629,1.532102807,1.506310041,1.480054624,1.450276669,1.416131282,1.379509987,1.341394984,1.305020463,1.274050225,1.249854229,1.230549254,1.21295673
Hungary,-0.259764908,-0.229379183,-0.284751377,-0.286433268,-0.221439379,-0.198878843,-0.155716485,-0.154915158,-0.175097367,-0.154908814,-0.226013876,-0.283360436,-0.516437607,-0.275368757,-0.269378767,-0.237855002,-0.295110605,-0.265860932,-0.126786952,-0.04525571,-0.215067837,-0.413802518
IBRD only,1.18601743,1.144357913,1.111398176,1.091429013,1.071250076,1.056193805,1.03432154,1.01088576,1.006673613,1.00401989,0.989049325,1.014052694,1.051274531,1.042688319,1.01420025,0.978767542,0.95311117,0.938156951,0.870727594,0.812889188,0.749793319,0.675561417
IDA & IBRD total,1.455225808,1.42217073,1.395212636,1.37902932,1.363411176,1.351915135,1.336248236,1.319757768,1.316943128,1.313366892,1.304350123,1.31931323,1.339294886,1.332809504,1.313980875,1.291736898,1.277356174,1.27011046,1.22353946,1.184362977,1.140552273,1.089033208
IDA total,2.46335546,2.449552897,2.431418051,2.415525286,2.402730975,2.3902216,2.382530528,2.376013264,2.363829396,2.34330198,2.340370377,2.309098848,2.261359154,2.250608734,2.25113452,2.258284722,2.266196995,2.269461247,2.271858036,2.27301048,2.269368033,2.265713834
IDA blend,2.461732502,2.400865561,2.356555804,2.330454333,2.332387108,2.351411759,2.376775349,2.404465859,2.42272296,2.423394922,2.483385637,2.459843966,2.368584722,2.360114468,2.353152301,2.340843901,2.323624465,2.30135094,2.282827798,2.266161327,2.241424179,2.216159799
Indonesia,1.379908097,1.368095955,1.357348946,1.348845574,1.341871178,1.336304645,1.329581752,1.323834207,1.323330518,1.329217379,1.337782477,1.347904403,1.351699787,1.340770864,1.310945245,1.267829703,1.220591058,1.176197424,1.13450698,1.097926437,1.065178986,1.032284966
IDA only,2.464169616,2.473976282,2.468944956,2.458122832,2.437910342,2.409610628,2.385404126,2.361807893,2.334413675,2.30326323,2.268792581,2.233494019,2.207462088,2.195478768,2.199691575,2.216591358,2.237160188,2.25332336,2.266304144,2.276478705,2.283516615,2.290793795
Isle of Man,1.237118395,0.989345214,0.783211823,0.712489337,0.80433281,0.973676094,1.225444855,1.37213572,1.336800664,1.029229903,0.563714673,0.038881853,-0.419070043,-0.651560883,-0.593530251,-0.307101969,0.076863955,0.376260135,0.55223389,0.611876546,0.522342171,0.443553373
India,1.76812551,1.72876857,1.689561661,1.651491269,1.615308295,1.579709143,1.545696439,1.509221986,1.464889915,1.410582714,1.350338314,1.288512962,1.231484894,1.182904215,1.145673402,1.116895913,1.090459321,1.06335943,1.037827848,1.013261249,0.9894138,0.96666096
Not classified,,,,,,,,,,,,,,,,,,,,,,
Ireland,1.333042666,1.59215149,1.685148857,1.628950962,1.828313818,2.178703014,2.696005644,2.890960005,2.038708011,1.015663276,0.544884384,0.436072439,0.423743803,0.526556159,0.731001377,0.944845307,1.128834064,1.088675561,1.238875453,1.367626954,1.034967455,0.849943363
"Iran, Islamic Rep.",1.261318759,1.250411264,1.249796503,1.237974513,1.208603699,1.169424055,1.129469492,1.101869225,1.093204724,1.108939703,1.142150424,1.175828678,1.205172521,1.23941933,1.278121321,1.316321025,1.356225741,1.385333802,1.386478335,1.352289806,1.293026691,1.225664974
Iraq,3.004689353,2.979268982,2.945848047,2.818025023,2.576571985,2.285919893,1.934366374,1.673172356,1.685732442,2.048290948,2.61896343,3.252716722,3.720627514,3.896283814,3.714816326,3.316251492,2.877231639,2.540895973,2.318453133,2.254139075,2.29530433,2.351032627
Iceland,1.369192833,1.329295255,0.892596377,0.69249762,0.877936158,1.582891978,2.34742243,2.530085489,1.859572171,0.341241979,-0.143903,0.305468368,0.532100735,0.9458859,1.112504755,1.041940387,1.388081496,2.345582676,2.678142769,2.198932258,1.623086251,1.578898951
Israel,2.642331913,2.357117299,2.014058394,1.805519759,1.767623642,1.762897661,1.767805874,1.776100869,1.776579106,2.390207338,1.82675241,1.848077862,1.846151321,1.866052895,1.919543799,1.981288976,1.960348962,1.938725674,1.926622865,1.90898264,1.763679392,1.602910669
Italy,0.045303631,0.056167601,0.148916429,0.444507313,0.647182705,0.491389108,0.300559689,0.504933687,0.662469253,0.45561345,0.307591222,0.171978291,0.26954124,1.159251117,0.917504096,-0.096376133,-0.169884073,-0.149861117,-0.19006364,-1.153028424,-0.469135388,-0.646839479
Jamaica,0.832970135,0.750856719,0.675804507,0.614372048,0.573343332,0.548325377,0.524679541,0.500304974,0.491523842,0.500923649,0.521735382,0.548862742,0.571484567,0.581740676,0.572985116,0.551043934,0.525007304,0.501314742,0.478338177,0.456356507,0.436048924,0.414550937
Jordan,1.787299396,1.83437684,1.902050746,2.167623503,2.654982949,3.268402344,3.843365369,4.30778632,4.702530018,5.009102655,5.204823279,5.379295595,5.42391363,5.167386647,4.586585111,3.824974897,3.057622556,2.394659322,1.817482339,1.35921633,0.999208652,0.643627453
Japan,0.167275578,0.240952588,0.232527187,0.213980949,0.033662258,0.009392097,0.063373589,0.114908848,0.048425395,-0.012494631,0.017960542,-0.185226486,-0.159710676,-0.144271883,-0.132694222,-0.106124994,-0.051137415,-0.081874296,-0.126880068,-0.140464978,-0.294194618,-0.459952416
Kazakhstan,-0.300201487,-0.170069526,0.004125545,0.336408914,0.694909484,0.888898043,1.057671309,1.143851233,1.872962096,1.982408057,1.413271477,1.431512449,1.408676887,1.439445356,1.472670873,1.461484685,1.42204614,1.360381269,1.314522985,1.28960849,1.298635325,1.307918173
Kenya,2.745965174,2.728048712,2.712396698,2.709585204,2.720779221,2.739246149,2.757917431,2.768549226,2.767256336,2.750853799,2.722590001,2.693743646,2.662807804,2.618604478,2.559403145,2.491767548,2.420820938,2.356477449,2.305743642,2.272746379,2.251879431,2.233332022
Kyrgyz Republic,1.191125924,0.948856614,0.917899317,1.048444924,1.210105425,1.127864459,1.075051294,0.953586964,0.950220145,1.207265644,1.192864429,1.216890729,1.665236559,1.984738667,2.006107899,2.059025966,2.037224422,1.933647156,1.99032207,2.08787614,1.897863823,1.722193219
Cambodia,2.23601611,2.037231359,1.855316518,1.713801596,1.622586012,1.570885266,1.527819645,1.489463775,1.479373723,1.499593466,1.539152135,1.588852798,1.63044345,1.64983634,1.638116847,1.603680771,1.565214466,1.530274527,1.490343156,1.446411842,1.399965097,1.351407362
Kiribati,1.71595975,1.690505401,1.691040112,1.739490235,1.849075199,1.99222198,2.166590695,2.294832252,2.28284642,2.171472686,1.96417542,1.738420492,1.538681384,1.426421878,1.380766987,1.398027436,1.43386389,1.432868764,1.468753984,1.512986668,1.550732603,1.612764056
St. Kitts and Nevis,1.051261036,1.170448046,1.261017044,1.278106205,1.246866445,1.13550992,1.021402945,0.916916689,0.852559178,0.870046924,0.844180815,0.875550269,0.883990332,0.892141354,0.886221974,0.839385199,0.826587613,0.785225662,0.76957326,0.752340352,0.675308623,0.663308846
"Korea, Rep.",0.836180864,0.767241775,0.577957277,0.518321453,0.396331437,0.211997784,0.52519994,0.505234033,0.759316682,0.514682828,0.498225084,0.768971759,0.525713661,0.455218622,0.628149861,0.527288497,0.396851823,0.280968018,0.433519028,0.347874969,0.137869266,-0.176408651
Kuwait,4.678686485,2.803676846,1.590406197,1.146195146,1.782298211,3.118247299,4.456731765,5.346634755,5.89251601,6.02809691,5.879732354,5.721422995,5.550008128,5.165481563,4.560848106,3.844185048,3.112853918,2.477112701,1.982437111,1.672132226,1.49775614,1.348763736
Latin America & Caribbean (excluding high income),1.474864167,1.421874173,1.371102238,1.325700904,1.289509048,1.259349459,1.231952844,1.205282834,1.180040501,1.155758762,1.112473667,1.117876223,1.092644558,1.078705416,1.078189926,1.084866963,1.0972059,1.101534674,1.083737383,1.036172277,0.968957753,0.895108072
Lao PDR,1.67371395,1.600345709,1.534732441,1.506692482,1.522588817,1.567878407,1.627937916,1.677162379,1.695897237,1.672673698,1.622050585,1.562278237,1.516012622,1.490498475,1.494004186,1.515574686,1.541032017,1.55353425,1.547953069,1.517256974,1.469045621,1.41664067
Lebanon,2.50356398,3.784707387,4.679704391,4.812106332,4.041718903,2.792198518,1.289838986,0.159271888,-0.054594523,1.008197188,2.868038264,4.904102118,6.251740941,6.559121717,5.719124107,4.247016184,2.741932488,1.553078162,0.585360849,-0.053940482,-0.442463494,-0.828142802
Liberia,5.363031447,3.63618766,2.368502939,1.715213126,1.886479404,2.59577089,3.393986531,3.908540976,4.129488156,3.974067062,3.590163907,3.188843736,2.900103505,2.688019985,2.583159471,2.55277351,2.529305492,2.485559131,2.452586907,2.427215355,2.407367606,2.393792293
Libya,1.541753951,1.580532445,1.601004314,1.604246592,1.581893538,1.537152626,1.510603079,1.482315455,1.395357639,1.234308868,1.032798456,0.799852879,0.611386605,0.548926062,0.657433708,0.880669874,1.143967287,1.354932265,1.475852639,1.469822354,1.375005728,1.261796988
St. Lucia,1.12215469,0.918967095,0.760766447,0.71142641,0.800994508,0.975935477,1.198362202,1.360892057,1.402045741,1.292700786,1.079374642,0.827164857,0.633747351,0.480576034,0.450800624,0.461059798,0.49950126,0.513598722,0.515372718,0.49631976,0.455211143,0.419531632
Latin America & Caribbean,1.468109079,1.416703164,1.367875783,1.3239992,1.288455417,1.257942729,1.227922593,1.198894112,1.173893006,1.152299814,1.114531095,1.119708045,1.099109098,1.077965944,1.050408301,1.023051081,0.995105679,0.966192505,0.932570373,0.928647024,0.917900431,0.877414594
Least developed countries: UN classification,2.522419316,2.53914835,2.546129378,2.536155464,2.504001121,2.458823019,2.410933818,2.373219179,2.351104287,2.349083843,2.36035174,2.373345445,2.381250257,2.386339257,2.386784024,2.383253268,2.378802213,2.373082302,2.362709288,2.346982603,2.327198075,2.305654711
Low income,2.817167607,2.863939604,2.894714327,2.913381968,2.91570718,2.905041739,2.896490237,2.886027909,2.856383015,2.804502459,2.740828485,2.673744783,2.618788692,2.586516705,2.582935293,2.598827678,2.615060771,2.625664759,2.640031572,2.657353741,2.673919509,2.691015978
Liechtenstein,1.270695956,1.076036579,1.014424075,0.84341567,0.792822154,0.792346761,0.737523611,0.689540001,0.713015498,0.713566349,0.761308213,0.838237151,0.866779983,0.883698226,0.752440881,0.658778024,0.505858374,0.397562146,0.298456437,0.268640368,0.307260244,0.306319047
Sri Lanka,0.610633603,0.711721622,0.793958951,0.843957574,0.844925912,0.810825506,0.769551641,0.738871905,0.7128032,0.695753117,0.684559603,0.67268927,0.12984681,0.780301448,0.933207943,0.919811027,1.104983619,1.130220486,1.048392958,0.611875946,0.53062656,1.075449957
Lower middle income,1.785674634,1.749943064,1.720435654,1.693879855,1.668691853,1.644880551,1.622816018,1.603414636,1.586484929,1.572376187,1.569392851,1.554357599,1.525809673,1.51571824,1.495714991,1.479448249,1.459126206,1.436842062,1.414806395,1.389362893,1.364098593,1.341333309
Low & middle income,1.479224103,1.44588717,1.416866212,1.395614701,1.378600828,1.366332348,1.350022822,1.336372985,1.33339935,1.32601422,1.318310516,1.330547837,1.350672818,1.345048654,1.328407414,1.30941626,1.298471036,1.293688171,1.247445751,1.20536194,1.158042546,1.104563665
Lesotho,0.645178334,0.144179403,-0.290537571,-0.56702078,-0.616356365,-0.491646809,-0.310182163,-0.151224903,0.010266589,0.151108894,0.272975373,0.410965511,0.557135557,0.669716683,0.732817029,0.758719327,0.775514209,0.791589928,0.799793018,0.800269955,0.796017062,0.781857177
Late-demographic dividend,0.764248942,0.721134816,0.673010201,0.653668224,0.64380954,0.645587263,0.635865177,0.618379827,0.627879123,0.626491423,0.599159895,0.637719628,0.714958816,0.71168858,0.68738756,0.65095885,0.642314633,0.6527771,0.548103955,0.463304858,0.358790913,0.227329886
Lithuania,-0.70338544,-0.824008723,-0.802765711,-0.812278097,-1.122991275,-1.628401126,-1.596378318,-1.187947957,-1.028483175,-1.110345754,-2.09694342,-2.258463899,-1.341201988,-1.012007368,-0.859827343,-0.940753797,-1.270694533,-1.398322201,-0.954190459,-0.264704355,0.026766758,0.01559871
Luxembourg,1.344082996,1.190456345,1.047660816,1.21520088,1.421332565,1.530054663,1.595051918,1.544386847,1.787496632,1.85177523,1.825405804,2.222660503,2.4015419,2.311176253,2.356978705,2.359951181,2.155311988,2.430976418,1.928837514,1.96284492,1.666358674,1.362931686
Latvia,-0.963935407,-1.291486944,-1.161838224,-0.966400801,-1.091312956,-1.080571457,-0.917272957,-0.816175507,-1.050939544,-1.651024968,-2.08130509,-1.820767002,-1.240359153,-1.071034803,-0.941743354,-0.818626341,-0.913885332,-0.886215573,-0.779138396,-0.69523914,-0.701211571,-0.913789514
"Macao SAR, China",2.218111171,2.346416994,2.455180662,2.496141568,2.456343306,2.360180086,2.24057078,2.143709108,2.104151626,2.144599504,2.219482888,2.317356933,2.368817427,2.335999266,2.199856093,1.993351265,1.766586372,1.579113954,1.443960758,1.385627937,1.379473382,1.38394373
St. Martin (French part),2.849974686,3.103239725,3.509247513,3.627637004,3.470505554,3.158672419,2.84368439,2.516314222,2.03244554,1.346640334,0.538941034,-0.349180049,-1.179122749,-1.508127128,-1.214209961,-0.425692392,0.545005937,1.398893802,1.882682617,1.961107678,1.7140817,1.489154326
Morocco,1.18140367,1.148669497,1.121336092,1.107816942,1.109602877,1.123877555,1.139824824,1.158607462,1.190234661,1.236207263,1.289207437,1.346582673,1.393575462,1.415268431,1.403841627,1.3688207,1.325902165,1.286961299,1.250762951,1.221178705,1.195920777,1.169569544
Monaco,0.975251541,1.008952881,1.011069001,1.03112456,1.065388286,1.018704701,1.020132026,0.975077945,0.968530573,1.035923822,1.089913658,1.161472699,1.197519967,1.199610885,1.134492557,1.074061203,0.915658239,0.842253416,0.7525271,0.734075854,0.708343221,0.700830658
Moldova,-0.203364953,-0.223624845,-0.231581522,-0.28158449,-0.247453023,-0.243323174,-0.277937548,-0.23171896,-0.190371976,-0.12623185,-0.099863207,-0.057818827,-0.013113514,-0.026791882,-0.060955534,-0.787848362,-1.148202158,-1.691932579,-1.718541419,-1.609507557,-1.683107025,-1.793009447
Madagascar,3.119689066,3.085863855,3.053517441,3.019927879,2.986659731,2.953918279,2.921148079,2.88822135,2.85566479,2.823462089,2.792676494,2.761903386,2.733954122,2.713238551,2.701012271,2.69413798,2.688176654,2.679809997,2.669517227,2.65644588,2.640873227,2.624297511
Maldives,2.124807294,2.444151684,2.713717398,2.84706245,2.796519375,2.643809007,2.437173727,2.318936617,2.439188448,2.853937529,3.432026358,3.957242404,4.305019516,4.518603431,4.568339978,4.472098055,4.426900708,4.300062714,3.815493316,2.91480812,1.789130121,0.567813347
Middle East & North Africa,1.903479018,1.893405622,1.887684697,1.90814046,1.958782527,2.024553009,2.09567066,2.152598628,2.181104079,2.179617831,2.126041021,2.07939031,2.037274876,1.990273548,1.940567243,1.889677163,1.830406882,1.771829051,1.739241512,1.722874822,1.715067032,1.711926729
Mexico,1.441096704,1.403959868,1.373020858,1.363780231,1.381468932,1.415816979,1.456213238,1.486063532,1.495369098,1.476755803,1.438140669,1.39478997,1.355294426,1.315557607,1.277686366,1.241164502,1.203259506,1.16396695,1.126414791,1.091366887,1.058240034,1.025852194
Marshall Islands,0.664217838,1.28617248,1.844356041,2.073151645,1.87330035,1.42347915,0.915140324,0.502634967,0.21388095,0.158333441,0.188250393,0.288789677,0.332050183,0.388930932,0.438151355,0.455390878,0.484514741,0.570067879,0.616496178,0.646743379,0.683140344,0.71373565
Middle income,1.365050275,1.323143679,1.287001701,1.260125334,1.239144785,1.224419008,1.205025911,1.188648849,1.185782373,1.180344029,1.175905082,1.194003259,1.219875654,1.215230323,1.195446128,1.170884116,1.15502242,1.146468398,1.09127605,1.040035591,0.982679356,0.917962324
North Macedonia,0.455448702,0.420168685,-0.726260079,0.326964187,0.284333738,0.211874118,0.165461472,0.163132932,0.163258078,0.184158025,0.211073775,0.171871346,0.121614266,0.144870083,0.166476984,0.133165885,0.109300286,0.097034195,0.08263629,0.022971838,-0.200664047,-0.359578822
Mali,2.811854042,2.927153388,3.017351964,3.100320169,3.173637317,3.233033028,3.29427272,3.337340341,3.329120338,3.261128285,3.15863382,3.044613109,2.952508522,2.90104517,2.901941159,2.935998977,2.975435448,2.999198671,3.008065228,2.996255353,2.971042774,2.943246505
Malta,0.645267231,0.751106498,0.745506921,0.657732334,0.671628455,0.637436918,0.364336947,0.348755082,0.650655461,0.753906931,0.491182811,0.423700885,0.899209212,1.404050276,1.996754408,2.386395363,2.288615441,2.738662856,3.491955403,3.931356319,2.211207678,0.297810433
Myanmar,1.159579233,1.076005878,1.005080954,0.932169531,0.859414673,0.790537456,0.714739934,0.647842564,0.61910701,0.640297605,0.695008954,0.767361732,0.826319491,0.849772298,0.822704165,0.762012324,0.68947413,0.633900885,0.608451681,0.625695405,0.671933328,0.725575804
Middle East & North Africa (excluding high income),1.796828777,1.779360451,1.764419897,1.755939846,1.752742701,1.753829663,1.756790855,1.76193674,1.773084695,1.784800069,1.797754247,1.813587697,1.825599049,1.823769759,1.804613195,1.774381588,1.73595751,1.699849231,1.690628027,1.697824853,1.717973155,1.742726137
Montenegro,-0.027974019,0.402363248,0.400750772,0.399151169,0.177216476,0.147929262,0.124299813,0.138110348,0.177475867,0.214529296,0.183239906,0.105041772,0.084147408,0.097599637,0.097022011,0.056110724,0.023142531,0.011247907,-0.023461353,-0.031987013,-0.116139361,-0.182524282
Mongolia,0.887755129,0.920784972,0.973386493,1.038440317,1.112926502,1.195955262,1.275265878,1.357180504,1.457433181,1.57927987,1.709741268,1.838034251,1.942526347,2.000774358,2.003813593,1.964248313,1.913419217,1.861598041,1.795910204,1.718532829,1.633813327,1.543411007
Northern Mariana Islands,3.219067188,1.496071852,0.15934074,-0.787175575,-1.239663774,-1.218080393,-1.175824919,-1.207924607,-1.081623131,-0.784822298,-0.412333594,0.077789306,0.540995974,0.879996879,0.935630469,0.860646292,0.728795895,0.649283814,0.592374927,0.567914446,0.599461584,0.61143201
Mozambique,2.676367826,2.83851478,2.932468525,2.976706819,2.953464901,2.887890657,2.820124865,2.775211787,2.745465575,2.736960831,2.743656742,2.749317443,2.753163164,2.769044762,2.798573225,2.834746761,2.872081035,2.900672261,2.913618318,2.907001146,2.886830354,2.86248416
Mauritania,2.644053515,2.707576499,2.762404365,2.805846357,2.832846138,2.849284649,2.859011053,2.869945896,2.884601295,2.905321134,2.926972492,2.945321255,2.95452102,2.949209845,2.927190867,2.893699093,2.855988065,2.819234622,2.780088631,2.741483436,2.702227925,2.662291167
Mauritius,0.982676166,0.790047581,0.694240135,0.723661766,0.627103982,0.59209966,0.466403526,0.455526401,0.361630847,0.265537673,0.237886693,0.160140421,0.277321026,0.220398692,0.181061469,0.132433083,0.068723138,0.090186811,0.054547267,0.032240043,0.002291176,0.025278458
Malawi,2.676385562,2.508905441,2.433941016,2.416596141,2.482670115,2.600561903,2.716947195,2.797887174,2.852762195,2.873985411,2.87065408,2.864495966,2.858684488,2.838498781,2.803042518,2.759412255,2.70968237,2.666446457,2.641745288,2.640937098,2.654939852,2.670388496
Malaysia,2.324617448,2.1955084,2.083973524,2.00562011,1.971726513,1.965297528,1.970823803,1.959209547,1.911365416,1.815678585,1.691009466,1.558040198,1.445739447,1.369183571,1.340474962,1.344800221,1.357359246,1.359489171,1.351960014,1.328849015,1.294285057,1.25940624
North America,1.100928819,1.004246352,0.947888189,0.867299091,0.930473825,0.928178273,0.973418076,0.95751104,0.963907968,0.906830276,0.860906958,0.75429192,0.771504745,0.731728411,0.763365512,0.739847163,0.768191349,0.691849711,0.618128536,0.557163666,0.985555014,0.162754182
Namibia,1.726752668,1.607662622,1.515707407,1.479347373,1.511786586,1.590183202,1.688279971,1.76975302,1.820639351,1.826100994,1.801894313,1.769211698,1.75020985,1.749210134,1.771539665,1.807897723,1.846553978,1.87285954,1.883284894,1.870402328,1.84267165,1.810722098
New Caledonia,1.901374378,1.901793221,1.898811419,1.703765144,1.521461098,1.518467354,1.495754382,1.473710882,1.452307684,1.309615607,1.533215429,1.825085374,1.811679043,1.779440428,1.65510643,0.242198535,0.241613351,0.241030987,0.240451424,0.239874642,0.242977699,0.242388748
Niger,3.608767553,3.637747759,3.664564012,3.688279674,3.709068833,3.727929015,3.742057985,3.756576119,3.778529478,3.809666088,3.844166656,3.876413583,3.898743038,3.90731712,3.899846968,3.881451544,3.859843092,3.839001312,3.816736721,3.794206636,3.771351275,3.746777298
Nigeria,2.50385613,2.511614083,2.521517444,2.537254494,2.559658128,2.585689132,2.610843162,2.632171268,2.649867728,2.662921245,2.67144283,2.67788557,2.680929555,2.67690791,2.665006503,2.647406072,2.627675151,2.607667054,2.586551303,2.564871955,2.542973405,2.52018575
Nicaragua,1.556020843,1.489198446,1.427119346,1.385008534,1.366535154,1.365526231,1.370765121,1.374485191,1.374571698,1.368674269,1.357371607,1.346935579,1.337692998,1.327243279,1.315393172,1.30197874,1.288988634,1.274730664,1.255375779,1.229759088,1.200479988,1.167948915
Netherlands,0.714770363,0.754840058,0.638291666,0.471814399,0.347475412,0.233663148,0.160613669,0.217521601,0.389292461,0.514284545,0.512923101,0.466428782,0.370055035,0.294820793,0.359828173,0.443220089,0.53217888,0.591203366,0.583933409,0.655071575,0.55554079,0.525549456
Norway,0.649044821,0.506046911,0.539290805,0.586532692,0.59093094,0.681072964,0.805392739,1.034734515,1.246333015,1.261127289,1.24566618,1.297189391,1.313440989,1.209141589,1.127736677,0.995084737,0.880969815,0.807673182,0.660090844,0.675061373,0.588757324,0.534772282
Nepal,1.817197648,1.681667436,1.542687538,1.426564762,1.340438073,1.271082847,1.243712687,1.204603236,1.070696221,0.810273513,0.481202592,0.103647394,-0.192706459,-0.268486268,-0.040180016,0.404484777,0.91527549,1.345295889,1.66177642,1.809442486,1.829086293,1.829999
Nauru,-1.097008692,-1.12874605,-1.151530858,-1.114883139,-0.844395849,-0.587224528,-0.21346895,0.193158196,0.344723042,0.655740055,0.641477593,0.59767087,0.663204609,0.707828358,0.790363679,0.822731254,0.959331993,0.978583649,0.950371773,0.802168279,0.648210437,0.359331478
New Zealand,0.587564086,0.589286035,1.737174864,1.973558544,1.486219082,1.12877351,1.21898486,0.932407688,0.848701402,0.999728031,1.111726056,0.762479795,0.548220797,0.768347998,1.661012001,2.036033909,2.2460321,2.088722723,1.791240168,1.591158896,2.204788696,0.634500014
OECD members,0.718722373,0.745435505,0.749548262,0.738270832,0.734444809,0.723529406,0.747502778,0.755371296,0.783472964,0.714947638,0.660299135,0.511753208,0.622512053,0.644054909,0.669882496,0.661049895,0.674976978,0.629847489,0.595827356,0.514993876,0.564391692,0.206855131
Oman,0.578174192,1.18284974,1.723695372,2.173512345,2.45723593,2.652281508,2.729898684,2.917741912,3.468985169,4.451662329,5.586433259,6.666457227,7.320622297,7.349582832,6.738893536,5.790591421,4.845733772,4.08380597,3.44516591,2.96857894,2.61143663,2.260580727
Other small states,1.835163206,1.719522993,1.703220331,1.752915919,1.924008309,2.169904176,2.429762848,2.633441072,2.728589785,2.64677856,2.490847953,2.291803106,2.174079709,2.083499756,2.050226026,2.060491504,2.051926476,2.0514267,2.028312491,1.952983877,1.813274715,1.673670503
Pakistan,2.647399315,2.521498668,2.417002526,2.341925761,2.305983677,2.296421618,2.293232554,2.281671865,2.263050049,2.233335732,2.197034544,2.158796524,2.126222177,2.103244584,2.092456416,2.088551827,2.086326177,2.077578387,2.057546095,2.02296716,1.978319567,1.931318823
Panama,1.970761255,1.938238846,1.909196169,1.882994827,1.861621072,1.844594482,1.828434154,1.811441333,1.794427531,1.776150401,1.75791916,1.735967515,1.716105291,1.704256376,1.702666445,1.707301921,1.713425474,1.711544601,1.692631293,1.651930147,1.59625723,1.536651746
Peru,1.452868313,1.274331503,1.119394189,0.995922166,0.916462048,0.871919038,0.843037362,0.818626243,0.80594339,0.803219607,0.812925977,0.811896398,0.825158485,0.901465289,1.057019423,1.256159259,1.483157205,1.661927673,1.718268291,1.616156746,1.409210058,1.168602553
Philippines,2.159045764,2.132597217,2.10192868,2.051815584,1.97735239,1.889365458,1.793722188,1.711104341,1.65996399,1.649858437,1.666113364,1.691811787,1.704125789,1.692087997,1.646682152,1.579362521,1.507102557,1.445277607,1.39596534,1.364496223,1.345429965,1.328794715
Palau,1.747806987,1.485973204,1.291266148,0.861768399,0.247019509,-0.38844796,-1.215403097,-1.994692013,-2.382133925,-2.259677746,-1.854153107,-1.154009782,-0.638726983,-0.181622162,0.124900663,0.226693211,0.299579118,0.51228755,0.571110175,0.501226267,0.504253971,0.452214966
Papua New Guinea,2.273130962,2.149205854,2.054101096,2.02501661,2.081056209,2.189415324,2.313166507,2.402304566,2.433208371,2.387682445,2.293213198,2.18756195,2.103035959,2.041461506,2.01269943,2.006220701,2.002492135,1.990178796,1.974746473,1.953700073,1.928701574,1.903939892
Poland,-1.044335398,-0.027587125,-0.046318937,-0.067492702,-0.058512735,-0.043948953,-0.063370574,-0.054305021,0.01363738,0.067763227,-0.285609122,0.053769709,-0.000239076,-0.060360017,-0.074846229,-0.066641101,-0.042985131,0.012480099,-0.000200133,-0.024427107,-0.175062058,-0.311960753
Pre-demographic dividend,2.77852866,2.85222878,2.906719787,2.935569284,2.930395486,2.904036459,2.870939384,2.849005022,2.845193417,2.864986881,2.897862093,2.931962476,2.953082395,2.955589513,2.934959511,2.899002081,2.859465919,2.824183747,2.791768187,2.76433607,2.740273859,2.715561759
Puerto Rico,0.276558689,0.214145951,0.128937306,0.062589906,0.020462636,-0.144242361,-0.423467205,-0.585620757,-0.586677392,-0.545401894,-0.506170057,-1.156540293,-1.209987934,-1.145930978,-1.633128331,-1.759208258,-1.93497109,-2.418017622,-4.048391034,0.010646546,2.713397437,-0.548623694
"Korea, Dem. People's Rep.",0.865557872,0.885350468,0.888579901,0.865930453,0.805103448,0.719726577,0.628450936,0.553298088,0.502338522,0.485026305,0.49206689,0.506081341,0.514396262,0.518246253,0.513303578,0.501732436,0.490511297,0.481502958,0.469955193,0.455141902,0.437971578,0.418961993
Portugal,0.702859953,0.705230637,0.54766794,0.375411415,0.23912899,0.185532267,0.180332441,0.196304384,0.14419128,0.095330859,0.045910037,-0.147084879,-0.405421788,-0.548815211,-0.539190467,-0.414141102,-0.315459017,-0.24388941,-0.160104021,0.023733495,0.105114125,0.022741724
Paraguay,2.027784522,1.957716629,1.88896533,1.80973204,1.71734172,1.61910634,1.518554683,1.430859892,1.372006284,1.350321932,1.354308293,1.366481502,1.372434411,1.372809829,1.361613439,1.34288874,1.323766099,1.307170218,1.287874014,1.265238609,1.239910817,1.213921848
West Bank and Gaza,2.555235698,2.55526757,2.555284566,2.555247556,2.555275892,2.555262373,2.555258675,2.55525196,2.751358802,2.667950749,2.597032218,2.525186831,2.46768715,2.40084832,2.344077211,2.290480058,2.246105276,1.988686349,2.533011484,2.511782463,2.486549938,2.457038653
Pacific island small states,1.159562382,1.121964319,1.089560986,1.085095342,1.120590731,1.179810815,1.258738293,1.321105511,1.353300947,1.337687849,1.289613477,1.232733757,1.193010285,1.185645652,1.224509355,1.291984104,1.366685107,1.42609601,1.469934915,1.488268815,1.488034326,1.484247662
Post-demographic dividend,0.500614065,0.479852975,0.503207037,0.499729812,0.517854141,0.508273758,0.543608276,0.563382324,0.606078877,0.515044364,0.46618467,0.275999145,0.419918179,0.438957237,0.455769353,0.447485666,0.452766055,0.382623561,0.350812965,0.282030834,0.371481686,-0.055744675
French Polynesia,1.872153116,1.749596739,1.638813365,1.487420856,1.29271982,1.082036685,0.8568947,0.653018031,0.511409081,0.45038994,0.448745828,0.469156586,0.481837052,0.495804118,0.509552892,0.516123547,0.532049201,0.556400387,0.565206884,0.578860345,0.578020814,0.578592337
Qatar,3.780654613,3.734823054,4.11863432,6.189341027,9.978287442,13.86973494,16.70019959,17.51220727,16.47557629,14.14392358,11.48337102,9.231843484,7.575372571,6.20148517,5.114901323,4.239755685,3.39762651,2.615751058,2.06875411,1.795246543,1.715003585,1.702296464
Romania,-0.12944004,-1.395429986,-1.830654994,-0.721262297,-0.569786273,-0.617530957,-0.59240256,-1.477222982,-1.666382643,-0.833088755,-0.593959184,-0.491866213,-0.445177936,-0.371323063,-0.374575498,-0.470052228,-0.573660845,-0.578007015,-0.587493307,-0.526814822,-0.590892002,-0.74206287
Russian Federation,-0.42061499,-0.424090525,-0.460024258,-0.453780668,-0.402681471,-0.381452795,-0.32744527,-0.171082033,-0.043949259,0.030107761,0.044895788,0.077981777,0.168305035,0.212950705,0.217642262,0.192557947,0.170245239,0.106870569,-0.013066892,-0.049568665,-0.230950389,-0.436200432
Rwanda,5.604992331,3.680774072,2.352233779,1.5320284,1.431261451,1.823078931,2.271703313,2.516000265,2.668198695,2.675188908,2.588850081,2.498522827,2.459798613,2.451950697,2.485525757,2.542700362,2.602494011,2.639762453,2.644060783,2.607313746,2.543388442,2.47304828
South Asia,1.895738007,1.860383422,1.822461175,1.780091153,1.732139206,1.680573599,1.629453327,1.580222865,1.53109639,1.482362543,1.434921628,1.387559748,1.336615358,1.307867431,1.282153245,1.260977148,1.244435041,1.224926153,1.203193517,1.175104965,1.149684066,1.132000711
Saudi Arabia,2.297348765,2.574067238,2.802808323,2.943249304,2.966003426,2.911837594,2.823928635,2.762800179,2.756794678,2.82495713,2.927643236,3.03897438,3.090724646,3.030794397,2.836220903,2.558077449,2.262423001,2.007066391,1.801062218,1.664776702,1.57883733,1.501892394
Sudan,2.406381718,2.519978369,2.589285643,2.598709166,2.526068838,2.404564778,2.275436866,2.183055564,2.140740085,2.163115464,2.228245116,2.30259996,2.359808168,2.398962995,2.412107467,2.40720187,2.398795478,2.395242326,2.392257972,2.39143409,2.391071774,2.388798766
Senegal,2.365169657,2.403796361,2.437074214,2.475746808,2.516258514,2.557530516,2.60021649,2.642672973,2.681445276,2.714996863,2.743127877,2.766757026,2.785614595,2.799131661,2.806698729,2.808290362,2.807329667,2.800576602,2.781879708,2.749962203,2.709391181,2.665890508
Singapore,1.732042233,2.697355843,0.912639806,-1.474532842,1.251916673,2.350511289,3.129389156,4.166002864,5.321517083,3.015949915,1.771832879,2.084902456,2.45339033,1.619308099,1.298440178,1.186376937,1.297436099,0.08859547,0.469704299,1.144283307,-0.311904961,-4.1703363
Solomon Islands,2.719947794,2.697703918,2.673006989,2.625115329,2.547276806,2.449105518,2.348783691,2.270295686,2.256853453,2.320269659,2.431275518,2.555070203,2.650329874,2.707823362,2.719416753,2.697834286,2.66748791,2.643311669,2.611085225,2.565392823,2.514618024,2.46145611
Sierra Leone,2.701540582,3.630456569,4.356748815,4.629677165,4.380944815,3.820702656,3.200501422,2.714484545,2.375021312,2.243077346,2.252567211,2.274594295,2.250019293,2.230244832,2.207086023,2.181428721,2.164620088,2.154069382,2.136636265,2.10903822,2.074501355,2.03946336
El Salvador,0.734629859,0.661385876,0.591095778,0.534217202,0.494697409,0.469082939,0.449589964,0.433559245,0.4242186,0.421679553,0.424566262,0.430677508,0.439491797,0.450320731,0.462504407,0.475379939,0.489163801,0.501983868,0.50927343,0.509699114,0.504663023,0.496729089
San Marino,1.168490063,1.295289285,1.275176674,1.360709094,1.325167645,1.311246605,1.253871184,1.251647812,1.209892118,1.276564455,1.276489627,1.380516867,1.405336972,1.395076526,1.181783355,0.993800751,0.697889703,0.50019457,0.335038487,0.236518559,0.218282733,0.211926847
Somalia,3.657676578,3.483042593,3.367346093,3.252148836,3.157229243,3.077497606,2.989724231,2.895437788,2.821396622,2.773309278,2.745739419,2.722661216,2.703694192,2.70175342,2.717395796,2.745377141,2.776386992,2.804929706,2.831925424,2.855135517,2.874280095,2.891622809
Serbia,-0.319524801,-0.171946647,-0.09214695,-0.212738009,-0.233328452,-0.300431133,-0.393204593,-0.405458542,-0.425705552,-0.400994905,-0.402005901,-0.789468998,-0.485299545,-0.486591387,-0.469489291,-0.494772574,-0.523694463,-0.532191341,-0.546351969,-0.536610018,-0.666107601,-0.80109841
Sub-Saharan Africa (excluding high income),2.650729693,2.64989972,2.651679699,2.660681357,2.677389408,2.698743154,2.719992472,2.737879934,2.751542514,2.759815456,2.763519487,2.764656443,2.76375186,2.758381809,2.748553057,2.734956004,2.719654283,2.702507607,2.681332133,2.65599061,2.627980193,2.598399211
South Sudan,4.377289464,3.928572358,3.661092603,3.632842202,3.925709079,4.374835081,4.811753396,5.027851545,4.94806677,4.534830261,3.926527277,3.333695991,2.837616522,2.358659319,1.911610971,1.511744126,1.084677797,0.719802049,0.595340534,0.782197031,1.182759371,1.662471236
Sub-Saharan Africa,2.650512081,2.649587259,2.651733551,2.660229245,2.677038941,2.698493786,2.719925044,2.737638358,2.751490483,2.7595654,2.763526524,2.764102853,2.763577776,2.758295756,2.748440412,2.734910736,2.71952543,2.70237141,2.681174931,2.65583231,2.627824038,2.598239144
Small states,1.535361769,1.453756857,1.441570714,1.478003402,1.603935851,1.785325363,1.980385115,2.135961765,2.214020154,2.162024479,2.053489227,1.911280265,1.827699491,1.763410843,1.741546631,1.751705369,1.74787749,1.749182204,1.732681267,1.675301186,1.567458741,1.458855644
Sao Tome and Principe,1.629923976,1.739271225,1.841193657,1.984252038,2.190518999,2.401081905,2.634666788,2.818101379,2.860140606,2.740813467,2.523649786,2.27418932,2.077223636,1.935561254,1.882970412,1.8787594,1.878563166,1.88401091,1.887561482,1.885147828,1.894536051,1.899610819
Suriname,1.188491482,1.188381911,1.179402116,1.177131735,1.169918541,1.164198295,1.160696303,1.158725493,1.155508854,1.151867845,1.142908684,1.137094455,1.127820327,1.111222577,1.087262533,1.053214747,1.02258949,0.989629209,0.957016885,0.929025561,0.902576939,0.876424444
Slovak Republic,-0.135376488,-0.183012271,-0.036352551,-0.065821507,-0.02036172,0.009809134,0.004597119,0.029178401,0.0857553,0.133257321,0.093191273,0.128936463,0.170183855,0.107458009,0.097045422,0.095033879,0.12892233,0.155178996,0.13850816,0.135328073,0.085769476,-0.212358808
Slovenia,0.29607496,0.157498742,0.123915442,0.060296779,0.064066202,0.173208905,0.319114537,0.559207816,0.158140844,0.903875535,0.436079485,0.207732702,0.210024306,0.135726229,0.098351922,0.075190689,0.073197207,0.065159039,0.362584395,0.696304046,0.669754656,0.217987052
Sweden,0.160575485,0.268470528,0.325438068,0.372092943,0.393298991,0.399942763,0.562483906,0.741552515,0.779033291,0.851904413,0.852524629,0.755150134,0.739763272,0.847348652,0.992219729,1.057454686,1.256453985,1.34744506,1.16164516,1.013722263,0.722703913,0.600591533
Eswatini,1.1329744,0.809894276,0.535850331,0.366530763,0.340738113,0.416946418,0.534193957,0.630766985,0.697413081,0.713105835,0.695379475,0.672762228,0.674567033,0.697837863,0.749729091,0.819991316,0.897738794,0.966059893,1.014213397,1.038265645,1.042422959,1.046511358
Sint Maarten (Dutch part),-1.834377687,0.265056848,0.576764882,2.233060387,3.177252874,1.597004887,1.294185282,1.100350126,0.451494681,0.803499822,-0.532990983,-1.840297302,3.540582819,5.523039526,2.902265834,2.980223174,2.903978461,1.502331373,0.788033881,1.728465028,1.673100826,1.258882706
Seychelles,0.892658567,0.087474518,3.057385326,-1.131516421,-0.370334935,0.463308214,2.080596735,0.510514983,2.236282715,0.392530948,2.792329069,-2.628656355,0.98098019,1.846876093,1.555395709,2.229795053,1.33763478,1.224033758,0.954291918,0.887925293,0.853707878,0.748748844
Syrian Arab Republic,2.447967855,2.144360974,1.879298347,1.916508016,2.34163592,2.947799315,3.731437095,4.207360602,3.876832502,2.588332527,0.736079608,-1.322819459,-3.097273339,-4.300775093,-4.533414815,-3.886822642,-2.999657156,-2.140618609,-0.884869263,0.735380569,2.490815344,4.333410438
Turks and Caicos Islands,5.618194947,6.742834781,7.377026965,7.37512269,6.580481358,5.364740474,4.214257988,3.309266958,2.653485335,2.322186303,2.244989084,2.159741067,2.064191444,1.936106989,1.820203169,1.704315955,1.596460558,1.5148103,1.473623607,1.389405565,1.362617297,1.303518406
Chad,3.68276825,3.785829836,3.856178726,3.857209739,3.777246946,3.649861687,3.508157257,3.393100167,3.323315685,3.311571102,3.334669293,3.363538247,3.370767564,3.351068934,3.296899421,3.221999844,3.143932997,3.077506736,3.023504548,2.986130147,2.95935371,2.934305412
East Asia & Pacific (IDA & IBRD countries),0.99207976,0.934640729,0.882614663,0.838985049,0.810488882,0.800174413,0.773001449,0.742048412,0.732589456,0.723323835,0.716800708,0.765513664,0.859685554,0.849724073,0.818079493,0.773549981,0.755764135,0.766692194,0.662116174,0.576375723,0.489599347,0.381610347
Europe & Central Asia (IDA & IBRD countries),-0.081888639,-0.10362531,-0.078928897,0.03252316,0.079368188,0.093687806,0.123626745,0.157050574,0.271599278,0.382495129,0.437868981,0.506814531,0.505002384,0.554046336,0.547809577,0.551979789,0.534920713,0.497631192,0.437056225,0.402187492,0.284683118,0.113350293
Togo,2.966792796,2.767079881,2.621477572,2.538000973,2.540161259,2.597269147,2.659397674,2.695973458,2.716928683,2.714931003,2.696297666,2.677532525,2.660910607,2.635744685,2.601149524,2.560999713,2.518687236,2.479331291,2.445903893,2.420235924,2.400663516,2.381269646
Thailand,1.044422574,0.927419911,0.830519827,0.747597771,0.687694887,0.645476031,0.604063162,0.5599092,0.525821417,0.503538551,0.489622688,0.480052607,0.46927282,0.453815888,0.430842608,0.402136059,0.373014847,0.34520522,0.315406676,0.283525943,0.250165167,0.215907222
Tajikistan,1.567234654,1.630388128,1.700281778,1.76879018,1.830428869,1.887206557,1.943948236,2.003276515,2.063566812,2.124696625,2.184392155,2.234721208,2.277610287,2.321389593,2.366942048,2.408602011,2.448550534,2.470450701,2.453552417,2.390490051,2.297389848,2.198253763
Turkmenistan,1.113205601,1.056350449,1.001326751,0.987168285,1.018135659,1.083870621,1.159727726,1.240231032,1.338458129,1.45195727,1.570249449,1.693102923,1.797216765,1.851988023,1.845354091,1.794147571,1.729487211,1.668964884,1.606347946,1.546575911,1.488224395,1.428045392
Latin America & the Caribbean (IDA & IBRD countries),1.503617533,1.450952318,1.400376919,1.355683185,1.320644955,1.29184666,1.26470539,1.237448193,1.21223015,1.188840851,1.147741653,1.15507579,1.13212094,1.108577757,1.08312161,1.056211642,1.029175957,1.002751228,0.977052247,0.951931057,0.927315863,0.902916363
Timor-Leste,1.277738515,1.887173918,2.356032753,2.611217192,2.582635769,2.363178148,2.118527188,1.943821631,1.820478077,1.7709883,1.774285256,1.779832008,1.767331977,1.7746246,1.808333357,1.852811788,1.903945726,1.946906004,1.968417772,1.963676318,1.939283355,1.910649536
Middle East & North Africa (IDA & IBRD countries),1.788526588,1.77080799,1.755639312,1.7469967,1.743690663,1.744714515,1.747632802,1.75276026,1.761702756,1.774404979,1.788243128,1.805028316,1.817799139,1.816695655,1.797954129,1.767975709,1.729599804,1.696164591,1.680156569,1.687612028,1.708234733,1.733585298
Tonga,0.49837135,0.529414199,0.547835602,0.571965268,0.623610039,0.690131119,0.795574273,0.84487827,0.783647516,0.494981255,0.080816637,-0.407634792,-0.796925117,-0.94668782,-0.734749917,-0.240829044,0.359543381,0.845706387,1.166674214,1.249919978,1.14181474,0.999744743
South Asia (IDA & IBRD),1.895738007,1.860383422,1.822461175,1.780091153,1.732139206,1.680573599,1.629453327,1.580222865,1.53109639,1.482362543,1.434921628,1.387559748,1.336615358,1.307867431,1.282153245,1.260977148,1.244435041,1.224926153,1.203193517,1.175104965,1.149684066,1.132000711
Sub-Saharan Africa (IDA & IBRD countries),2.650512081,2.649587259,2.651733551,2.660229245,2.677038941,2.698493786,2.719925044,2.737638358,2.751490483,2.7595654,2.763526524,2.764102853,2.763577776,2.758295756,2.748440412,2.734910736,2.71952543,2.70237141,2.681174931,2.65583231,2.627824038,2.598239144
Trinidad and Tobago,0.255384586,0.351979616,0.438082853,0.496257228,0.509077795,0.493465038,0.4659405,0.451781349,0.457433585,0.491165416,0.545325834,0.603231767,0.644091695,0.659178039,0.635411345,0.585143888,0.526294978,0.470521283,0.416814325,0.368284069,0.323640628,0.277073814
Tunisia,0.980862058,0.877524352,0.786633172,0.747066169,0.771214727,0.839587275,0.930015086,1.009647735,1.058894827,1.062716626,1.035445491,0.997589004,0.973852315,0.972083635,1.001509815,1.049825167,1.102942955,1.139070554,1.145862851,1.113669491,1.053854127,0.986318648
Turkiye,1.518109798,1.494226621,1.473865687,1.438736645,1.384733924,1.323126487,1.248876636,1.192804331,1.195378827,1.273890354,1.400088606,1.531566078,1.631148233,1.692745456,1.702643616,1.669481585,1.639942404,1.601312234,1.497232048,1.3145137,1.084193952,0.830872072
Tuvalu,0.5123837,0.911506046,1.206034229,1.356339062,1.500410898,1.268388255,1.203096788,0.993271676,0.935041389,0.945587902,1.031823428,0.99305682,1.104363119,0.972545062,1.136480017,1.141730416,1.191183311,1.177161002,1.224326618,1.2953549,1.168606296,1.121570133
Tanzania,2.468906027,2.61242421,2.722291754,2.798988535,2.827162562,2.823755446,2.816486775,2.823941465,2.8414655,2.872958629,2.911888941,2.948418936,2.97566284,2.994061634,3.001801057,3.001067041,2.997574458,2.991812303,2.97948066,2.960386246,2.936777704,2.910683779
Uganda,2.994707035,3.076130696,3.141283828,3.180408248,3.184828229,3.167959273,3.153290179,3.15180932,3.155900984,3.167526076,3.186609818,3.182452073,3.180750229,3.23378201,3.352682078,3.49774773,3.65686447,3.755686611,3.725163906,3.541932206,3.269713347,2.977746425
Ukraine,-1.006579027,-1.050920915,-0.949639341,-0.811376216,-0.758571027,-0.732800944,-0.676059673,-0.59687108,-0.541496741,-0.443841324,-0.397263168,-0.359600093,-0.246976481,-0.22769135,-0.479262,-0.26124968,-0.331333796,-0.386345311,-0.466425621,-0.53099416,-0.57424247,-0.721959168
Upper middle income,0.893105936,0.840034473,0.791955597,0.760149433,0.739430424,0.730762239,0.710054222,0.692806602,0.702420298,0.703289332,0.692946734,0.747862396,0.838078453,0.837672145,0.815626285,0.77793832,0.765060986,0.771548749,0.670787875,0.582663993,0.479284797,0.354279709
Uruguay,0.353937059,0.172665897,0.017289289,-0.071732487,-0.065461308,0.009423049,0.108436613,0.190772213,0.253838056,0.282665228,0.286095677,0.286941769,0.297840986,0.30911268,0.324100506,0.339789877,0.354761355,0.364565153,0.367270798,0.360034022,0.345932798,0.328357779
United States,1.112768997,0.989741382,0.927797486,0.859481713,0.925483969,0.921713167,0.964253917,0.951055243,0.945865287,0.876651299,0.829616675,0.726786705,0.733599941,0.692860277,0.73336152,0.736217309,0.724676067,0.632643995,0.526435396,0.455381286,0.961201052,0.118380497
Uzbekistan,1.383746821,1.265968533,1.223831519,1.163675244,1.153769215,1.163350224,1.220216354,1.423474897,1.605327363,1.687340969,2.822849683,2.684015505,1.472099988,1.561904333,1.686900359,1.744258375,1.738849262,1.683506325,1.736986377,1.876470167,1.922126527,1.975706066
St. Vincent and the Grenadines,0.022268615,0.098293776,0.187047483,0.20978027,0.182621499,0.089344521,-0.013810947,-0.079219599,-0.106031349,-0.099679741,-0.030477528,0.05079072,0.110726655,0.174146244,0.224376163,0.24495088,0.303748598,0.327416124,0.349034149,0.346915924,0.319581386,0.289808317
"Venezuela, RB",1.888612082,1.859316626,1.825033521,1.781681513,1.726465317,1.662670341,1.568066443,1.469258326,1.414753012,1.419838669,1.44831682,1.562732212,1.623948325,1.421077996,0.875663916,0.129244523,-0.769455376,-1.514765698,-1.768330735,-1.293638058,-0.280539304,0.941553369
British Virgin Islands,1.422964589,1.766416574,2.167393409,2.551421051,2.977289655,3.420604201,3.887775307,4.19037504,4.090821835,3.535027696,2.775980262,1.888798534,1.151293868,0.681694348,0.466846184,0.560784502,0.707658971,0.719598502,0.768171966,0.795618291,0.676956294,0.613256126
Virgin Islands (U.S.),0.039587371,-0.085638913,-0.036856509,-0.003686398,-0.035949505,-0.011986041,-0.077482916,-0.0295331,0.05536741,0.006457535,-0.043365735,-0.06185177,-0.094235911,-0.135966982,-0.14727475,-0.157703865,-0.182132487,-0.218811337,-0.261338012,-0.310759833,-0.355937434,-0.395928119
Vietnam,1.100433196,1.035893387,0.976001214,0.936606541,0.920602086,0.922551594,0.931893993,0.943380936,0.959836735,0.979409219,1.000128838,1.022101084,1.04162218,1.0530623,1.053635811,1.044781055,1.034107367,1.020198501,0.994310472,0.954289022,0.904517906,0.849329427
Vanuatu,2.023426387,2.269101265,2.462957539,2.562199991,2.561895383,2.495987147,2.406285184,2.344273331,2.357796924,2.437343697,2.560702451,2.690640393,2.782591047,2.818368001,2.786213562,2.706626339,2.620205444,2.544543793,2.48242519,2.432628558,2.394716366,2.353337457
World,1.323057118,1.297603585,1.276473949,1.261517214,1.254302559,1.246945309,1.243707449,1.235761509,1.240879675,1.221744457,1.203308033,1.183293407,1.220688639,1.216571212,1.203346951,1.18196469,1.170054026,1.153138412,1.108405595,1.066595274,1.04279381,0.936356519
Samoa,0.487273274,0.537377525,0.577595948,0.605272962,0.626831006,0.627934157,0.638944369,0.645325301,0.670656607,0.697620977,0.750886801,0.81679453,0.860430528,0.8546633,0.787611271,0.668864133,0.530860672,0.419597536,0.39337345,0.490819126,0.665989825,0.870151067
Kosovo,-3.582127645,0.067859323,0.067930793,0.067884679,0.067838626,0.067909885,0.803200286,0.803261833,0.803213478,0.803171845,0.803248961,0.859067492,0.895254757,0.607467947,-0.294473631,-1.364932338,-0.596734074,0.753584843,0.339010962,-0.457730006,0.070131109,0.897900934
"Yemen, Rep.",2.842665976,2.883499556,2.889559348,2.89272651,2.881931324,2.862014264,2.844810495,2.83489894,2.82422828,2.811869556,2.795765962,2.779983481,2.757339123,2.716539832,2.654140643,2.578030216,2.498277225,2.423989182,2.357044408,2.30059415,2.251560627,2.204029502
South Africa,1.409021901,1.333277462,1.263922608,1.223853523,1.217762203,1.237740618,1.263622972,1.291498275,1.334117023,1.391535432,1.455281933,1.524514056,1.581353673,1.604367369,1.583787396,1.532242773,1.471933429,1.416947254,1.363703216,1.31629201,1.273356263,1.228841245
Zambia,2.679389918,2.6176706,2.580537185,2.564746542,2.57738729,2.611371538,2.640828807,2.67023196,2.726422943,2.813380762,2.91465496,3.020318665,3.102914035,3.139940351,3.121249429,3.066671472,3.002934554,2.951463048,2.912653263,2.893017737,2.885685921,2.877596046
Zimbabwe,0.495778052,0.35642389,0.25451682,0.233334019,0.314072384,0.471320321,0.650368522,0.822767237,1.003707442,1.183728108,1.353963876,1.536405716,1.698083731,1.777672476,1.754741003,1.66369351,1.549294088,1.459405813,1.410381542,1.421141886,1.473871416,1.530614091
